num,difficulty,intent,exit_status,status,phase4_pass,judge_verdict,original_cc,refactored_cc,cc_delta,original_mi,refactored_mi,mi_delta,duration_ms,strategy_iter,syntax_iter,code_unchanged,gpu_peak_mb,tier1_syntax,tier2a_cc,tier2b_boundary,tier2c_intent_math,tier3_judge,gen_steps,avg_gen_ms,csr_pass,ber,public_passed,private_passed
1,Medium,DECOMPOSE_CONDITIONAL,SUCCESS,PASS,True,ACCEPT,8,8,0,40.5,38.44,-2.06,57610,1,0,False,3334.0,0,0,0,0,0,2,8051.0,False,-,0,0
9,Hard,DECOMPOSE_CONDITIONAL,SUCCESS,PASS,True,ACCEPT,12,12,0,28.0,24.86,-3.14,116252,1,0,False,3334.0,0,0,0,0,0,4,10240.0,True,0.0,0,0
18,Medium,RENAME_SYMBOL,ABORT_STRATEGY,FAIL,False,REVISE,4,4,0,51.45,51.45,0.0,104906,4,0,True,3334.0,0,0,0,1,2,2,5288.0,True,1.0,1,0
23,Medium,DECOMPOSE_CONDITIONAL,SUCCESS,PASS,True,ACCEPT,3,3,0,79.39,73.64,-5.75,52607,1,0,False,3334.0,0,0,0,0,0,4,2840.0,True,1.0,1,0
29,Hard,DECOMPOSE_CONDITIONAL,SUCCESS,PASS,True,ACCEPT,11,12,1,31.34,25.82,-5.52,123183,1,0,False,3334.0,0,0,0,0,0,4,11024.0,False,-,0,0
37,Medium,EXTRACT_METHOD,SUCCESS,PASS,True,ACCEPT,4,4,0,52.48,46.74,-5.74,49328,1,0,False,3334.0,0,0,0,0,0,2,7974.0,False,-,0,0
43,Hard,DECOMPOSE_CONDITIONAL,SUCCESS,PASS,True,ACCEPT,10,11,1,43.6,36.01,-7.59,61819,1,0,False,3334.0,0,0,0,0,0,2,8331.0,False,-,0,0
44,Medium,EXTRACT_METHOD,SUCCESS,PASS,True,ACCEPT,3,3,0,64.86,59.37,-5.49,75693,1,0,False,3336.0,0,0,0,0,0,5,4812.0,True,0.0,0,0
54,Medium,EXTRACT_METHOD,SUCCESS,PASS,True,ACCEPT,3,3,0,72.79,65.89,-6.9,44734,1,0,False,3336.0,0,0,0,0,0,2,3674.0,True,0.0,0,0
62,Medium,CONSOLIDATE_CONDITIONAL,ABORT_STRATEGY,FAIL,False,None,11,11,0,37.98,37.98,0.0,157406,4,0,True,2828.0,0,0,0,3,0,0,N/A,True,0.0,0,0
68,Easy,DECOMPOSE_CONDITIONAL,SUCCESS,PASS,True,ACCEPT,6,6,0,55.18,52.8,-2.38,99839,1,0,False,3336.0,0,0,0,0,0,4,5823.0,True,0.0,0,0
71,Hard,RENAME_SYMBOL,SUCCESS,PASS,False,ACCEPT,6,6,0,38.66,38.66,0.0,182963,3,0,False,3336.0,0,0,0,0,2,4,9115.0,True,0.0,0,0
72,Medium,FLATTEN_CONDITIONAL,SUCCESS,PASS,True,ACCEPT,14,15,1,34.58,34.38,-0.2,85024,1,0,False,3336.0,0,0,0,0,0,0,N/A,False,-,0,0
74,Medium,EXTRACT_VARIABLE,ABORT_STRATEGY,FAIL,False,None,4,4,0,56.35,56.35,0.0,127356,4,0,True,2828.0,0,0,0,3,0,4,5225.0,True,0.0,0,0
76,Medium,INLINE_METHOD,SUCCESS,PASS,True,ACCEPT,3,3,0,55.54,55.54,0.0,51727,1,0,False,3336.0,0,0,0,0,0,0,N/A,True,1.0,1,0
80,Medium,FLATTEN_CONDITIONAL,ABORT_STRATEGY,FAIL,False,REVISE,9,9,0,40.24,40.24,0.0,215063,4,0,True,3336.0,0,0,0,0,3,0,N/A,True,0.0,0,0
86,Hard,INLINE_METHOD,SUCCESS,PASS,True,ACCEPT,8,8,0,45.8,42.03,-3.77,57029,1,0,False,3336.0,0,0,0,0,0,0,N/A,False,-,0,0
88,Medium,EXTRACT_METHOD,SUCCESS,PASS,True,ACCEPT,2,2,0,73.58,66.92,-6.66,43677,1,0,False,3336.0,0,0,0,0,0,2,4551.0,True,1.0,1,0
96,Medium,CONSOLIDATE_CONDITIONAL,ABORT_STRATEGY,FAIL,False,None,11,11,0,30.44,30.44,0.0,162930,4,0,True,2828.0,0,0,0,3,0,0,N/A,True,0.0,0,0
98,Medium,FLATTEN_CONDITIONAL,ABORT_STRATEGY,FAIL,False,None,5,5,0,51.37,51.37,0.0,266613,4,0,True,2828.0,1,0,2,0,0,0,N/A,True,0.0,0,0
99,Easy,DECOMPOSE_CONDITIONAL,SUCCESS,PASS,True,ACCEPT,7,6,-1,54.81,60.32,5.51,77977,1,0,False,3336.0,0,0,0,0,0,4,4748.0,False,-,0,0
106,Medium,SPLIT_LOOP,SUCCESS,PASS,True,ACCEPT,6,5,-1,43.72,35.21,-8.51,84326,1,0,False,3336.0,0,0,0,0,0,4,10535.0,True,0.0,0,0
110,Easy,EXTRACT_METHOD,SUCCESS,PASS,True,ACCEPT,4,3,-1,74.0,66.27,-7.73,73845,1,0,False,3336.0,0,0,0,0,0,4,5939.0,True,0.0,0,0
121,Medium,EXTRACT_METHOD,SUCCESS,PASS,True,ACCEPT,3,3,0,69.83,46.93,-22.9,41126,1,0,False,3336.0,0,0,0,0,0,2,5446.0,False,-,0,0
125,Hard,CONSOLIDATE_CONDITIONAL,SUCCESS,PASS,False,ACCEPT,8,7,-1,16.33,16.53,0.2,311765,2,0,False,3336.0,0,0,1,2,0,5,19819.0,True,0.0,0,0
131,Hard,DECOMPOSE_CONDITIONAL,SUCCESS,PASS,True,ACCEPT,7,7,0,45.23,41.3,-3.93,87583,1,0,False,3336.0,0,0,0,0,0,4,7221.0,True,0.0,0,0
141,Medium,DECOMPOSE_CONDITIONAL,SUCCESS,PASS,True,ACCEPT,5,7,2,53.47,48.61,-4.86,74492,1,0,False,3336.0,0,0,0,0,0,4,4568.0,False,-,0,0
144,Easy,RENAME_SYMBOL,SUCCESS,PASS,True,ACCEPT,5,5,0,51.64,52.59,0.95,41893,1,0,False,3336.0,0,0,0,0,0,2,6199.0,True,0.0,0,0
146,Medium,SPLIT_LOOP,ABORT_STRATEGY,FAIL,False,None,4,4,0,56.09,56.09,0.0,132329,4,0,True,2828.0,0,0,0,3,0,2,5470.0,False,-,0,0
147,Medium,DECOMPOSE_CONDITIONAL,SUCCESS,PASS,True,ACCEPT,5,5,0,40.67,37.36,-3.31,106794,1,0,False,3336.0,0,0,0,0,0,4,8198.0,False,-,0,0
151,Medium,EXTRACT_VARIABLE,ABORT_STRATEGY,FAIL,False,None,3,3,0,51.97,51.97,0.0,129351,4,0,True,2828.0,0,1,0,2,0,5,5463.0,True,0.0,0,0
152,Medium,INLINE_VARIABLE,SUCCESS,PASS,True,ACCEPT,3,3,0,61.33,64.28,2.95,42505,1,0,False,3336.0,0,0,0,0,0,0,N/A,False,-,0,0
153,Hard,INLINE_VARIABLE,SUCCESS,PASS,False,ACCEPT,4,4,0,57.1,59.71,2.61,98383,3,0,False,3336.0,0,0,0,0,2,0,N/A,False,-,0,0
155,Medium,DECOMPOSE_CONDITIONAL,SUCCESS,PASS,True,ACCEPT,3,4,1,58.04,49.92,-8.12,71919,1,0,False,3336.0,0,0,0,0,0,4,4996.0,False,-,0,0
160,Medium,RENAME_SYMBOL,ABORT_STRATEGY,FAIL,False,REVISE,6,6,0,47.42,47.42,0.0,130384,4,0,True,3336.0,0,0,0,1,2,2,10456.0,True,0.0,0,0
161,Medium,INLINE_VARIABLE,SUCCESS,PASS,True,ACCEPT,3,2,-1,61.07,92.39,31.32,38605,1,0,False,3336.0,0,0,0,0,0,2,2032.0,True,0.0,0,0
164,Medium,DECOMPOSE_CONDITIONAL,SUCCESS,PASS,True,ACCEPT,9,9,0,47.19,44.98,-2.21,90291,1,0,False,3336.0,0,0,0,0,0,4,7522.0,False,-,0,0
168,Easy,REPLACE_LOOP_WITH_PIPELINE,SUCCESS,PASS,True,ACCEPT,4,1,-3,68.32,77.36,9.04,57808,1,0,False,3336.0,0,0,0,0,0,0,N/A,False,-,0,0
171,Medium,RENAME_SYMBOL,ABORT_STRATEGY,FAIL,False,REVISE,2,2,0,80.24,80.24,0.0,93301,4,0,True,3336.0,0,0,0,0,3,5,4018.0,True,1.0,1,0
182,Medium,REPLACE_LOOP_WITH_PIPELINE,ABORT_STRATEGY,FAIL,False,REVISE,2,2,0,73.6,73.6,0.0,104417,4,0,True,3336.0,0,0,0,0,3,0,N/A,True,0.0,0,0
191,Medium,SPLIT_LOOP,SUCCESS,PASS,True,ACCEPT,8,4,-4,42.8,39.74,-3.06,80309,1,0,False,3336.0,0,0,0,0,0,3,11004.0,False,-,0,0
193,Medium,EXTRACT_METHOD,SUCCESS,PASS,True,ACCEPT,4,3,-1,61.95,64.54,2.59,72768,1,0,False,3336.0,0,0,0,0,0,4,4876.0,True,0.0,0,0
203,Easy,DECOMPOSE_CONDITIONAL,SUCCESS,PASS,False,ACCEPT,4,4,0,63.82,58.71,-5.11,100611,2,0,False,3336.0,0,0,0,2,0,4,5303.0,False,-,0,0
204,Hard,EXTRACT_METHOD,SUCCESS,PASS,True,ACCEPT,5,5,0,52.68,52.69,0.01,64063,1,0,False,3336.0,0,0,0,0,0,3,6006.0,False,-,0,0
210,Easy,RENAME_SYMBOL,ABORT_STRATEGY,FAIL,False,REVISE,2,2,0,63.54,63.54,0.0,102325,4,0,True,3336.0,0,0,0,0,3,3,3448.0,True,0.0,0,0
217,Hard,EXTRACT_METHOD,SUCCESS,PASS,True,ACCEPT,2,2,0,57.14,50.87,-6.27,64294,1,0,False,3336.0,0,0,0,0,0,4,3590.0,True,0.0,0,0
221,Medium,RENAME_SYMBOL,SUCCESS,PASS,True,ACCEPT,1,1,0,94.95,94.95,0.0,32874,1,0,False,3336.0,0,0,0,0,0,2,1758.0,False,-,0,0
227,Easy,EXTRACT_METHOD,SUCCESS,PASS,True,ACCEPT,6,6,0,62.99,43.37,-19.62,57836,1,0,False,3336.0,0,0,0,0,0,2,8581.0,False,-,0,0
230,Easy,DECOMPOSE_CONDITIONAL,SUCCESS,PASS,True,ACCEPT,4,4,0,52.82,46.24,-6.58,77635,1,0,False,3336.0,0,0,0,0,0,4,5405.0,False,-,0,0
238,Medium,FLATTEN_CONDITIONAL,SUCCESS,PASS,False,ACCEPT,5,4,-1,49.25,43.94,-5.31,272373,3,0,False,3336.0,2,0,0,0,0,0,N/A,True,1.0,1,0
243,Medium,EXTRACT_METHOD,SUCCESS,PASS,True,ACCEPT,4,4,0,53.99,32.42,-21.57,143935,1,0,False,3334.0,0,0,0,0,0,2,7502.0,False,-,0,0
248,Hard,DECOMPOSE_CONDITIONAL,SUCCESS,PASS,True,ACCEPT,7,8,1,51.63,43.67,-7.96,93940,1,0,False,3334.0,0,0,0,0,0,4,6320.0,False,-,0,0
249,Easy,EXTRACT_METHOD,SUCCESS,PASS,True,ACCEPT,4,4,0,62.79,57.69,-5.1,62680,1,0,False,3334.0,0,0,0,0,0,4,5028.0,False,-,0,0
251,Easy,REPLACE_LOOP_WITH_PIPELINE,SUCCESS,PASS,True,ACCEPT,2,1,-1,69.89,80.85,10.96,37858,1,0,False,3334.0,0,0,0,0,0,0,N/A,False,-,0,0
257,Medium,EXTRACT_METHOD,SUCCESS,PASS,True,ACCEPT,3,3,0,65.2,60.0,-5.2,80315,1,0,False,3334.0,0,0,0,0,0,4,5130.0,False,-,0,0
258,Medium,INLINE_VARIABLE,SUCCESS,PASS,True,ACCEPT,4,4,0,54.13,60.4,6.27,40927,1,0,False,3334.0,0,0,0,0,0,0,N/A,True,0.0,0,0
259,Medium,INLINE_VARIABLE,SUCCESS,PASS,True,ACCEPT,4,4,0,60.98,67.18,6.2,49696,1,0,False,3334.0,0,0,0,0,0,0,N/A,True,0.0,0,0
263,Medium,DECOMPOSE_CONDITIONAL,SUCCESS,PASS,True,ACCEPT,6,6,0,58.55,49.89,-8.66,69448,1,0,False,3334.0,0,0,0,0,0,4,4304.0,True,0.0,0,0
265,Hard,INLINE_METHOD,SUCCESS,PASS,True,ACCEPT,7,8,1,30.88,22.74,-8.14,181386,1,0,False,3334.0,0,0,0,0,0,0,N/A,True,0.0,0,0
270,Medium,EXTRACT_VARIABLE,ABORT_STRATEGY,FAIL,False,None,3,3,0,62.14,62.14,0.0,134354,4,0,True,2826.0,0,0,0,3,0,4,3926.0,True,0.0,0,0
274,Medium,DECOMPOSE_CONDITIONAL,SUCCESS,PASS,False,ACCEPT,10,8,-2,36.21,33.98,-2.23,196732,2,0,False,3336.0,0,0,2,0,0,4,12220.0,False,-,0,0
275,Easy,RENAME_SYMBOL,SUCCESS,PASS,False,ACCEPT,1,1,0,102.46,102.46,0.0,59834,2,0,False,3336.0,0,0,0,0,1,2,1396.0,True,0.0,0,0
292,Medium,EXTRACT_METHOD,SUCCESS,PASS,True,ACCEPT,2,2,0,72.67,65.38,-7.29,38311,1,0,False,3336.0,0,0,0,0,0,2,3544.0,True,0.0,0,0
293,Medium,SPLIT_LOOP,ABORT_STRATEGY,FAIL,False,None,10,10,0,32.33,32.33,0.0,305213,4,0,True,2828.0,0,0,0,3,0,4,12148.0,True,0.0,0,0
300,Hard,SPLIT_LOOP,ABORT_STRATEGY,FAIL,False,None,17,17,0,11.7,11.7,0.0,422588,4,0,True,2828.0,0,0,0,3,0,5,17528.0,True,0.0,0,0
301,Medium,CONSOLIDATE_CONDITIONAL,ABORT_STRATEGY,FAIL,False,None,6,6,0,45.83,45.83,0.0,150425,4,0,True,2828.0,0,0,0,3,0,4,6416.0,True,0.0,0,0
302,Medium,RENAME_SYMBOL,SUCCESS,PASS,False,ACCEPT,1,1,0,107.23,107.23,0.0,41874,2,0,False,3336.0,0,0,0,0,1,2,1333.0,True,1.0,1,0
305,Medium,SPLIT_LOOP,SUCCESS,PASS,False,ACCEPT,4,4,0,60.15,44.03,-16.12,101253,2,0,False,3336.0,0,0,0,2,0,3,4325.0,False,-,0,0
306,Medium,CONSOLIDATE_CONDITIONAL,ABORT_STRATEGY,FAIL,False,None,5,5,0,41.88,41.88,0.0,160467,4,0,True,2828.0,0,0,0,3,0,0,N/A,True,0.0,0,0
308,Medium,RENAME_SYMBOL,SUCCESS,PASS,True,ACCEPT,5,5,0,58.41,58.41,0.0,44827,1,0,False,3336.0,0,0,0,0,0,2,4892.0,False,-,0,0
311,Medium,DECOMPOSE_CONDITIONAL,SUCCESS,PASS,True,ACCEPT,4,4,0,53.4,47.83,-5.57,59012,1,0,False,3336.0,0,0,0,0,0,3,6391.0,False,-,0,0
320,Medium,INLINE_METHOD,ABORT_STRATEGY,FAIL,False,None,2,2,0,54.62,54.62,0.0,109814,4,0,True,2828.0,0,0,3,0,0,0,N/A,True,0.0,0,0
334,Medium,RENAME_SYMBOL,SUCCESS,PASS,True,ACCEPT,7,7,0,15.01,15.01,0.0,87963,1,0,False,3336.0,0,0,0,0,0,3,15961.0,True,1.0,1,0
354,Medium,INLINE_VARIABLE,SUCCESS,PASS,True,ACCEPT,2,2,0,76.81,80.05,3.24,42019,1,0,False,3336.0,0,0,0,0,0,0,N/A,True,0.0,0,0
359,Medium,RENAME_SYMBOL,SUCCESS,PASS,True,ACCEPT,5,5,0,61.42,61.52,0.1,46387,1,0,False,3336.0,0,0,0,0,0,2,4652.0,True,0.0,0,0
366,Easy,DECOMPOSE_CONDITIONAL,SUCCESS,PASS,True,ACCEPT,5,5,0,58.13,56.76,-1.37,70349,1,0,False,3336.0,0,0,0,0,0,4,5316.0,True,0.0,0,0
372,Easy,EXTRACT_METHOD,SUCCESS,PASS,True,ACCEPT,3,3,0,83.86,74.67,-9.19,44628,1,0,False,3336.0,0,0,0,0,0,2,3952.0,True,0.0,0,0
383,Medium,EXTRACT_METHOD,SUCCESS,PASS,True,ACCEPT,2,2,0,56.35,50.73,-5.62,75706,1,0,False,3336.0,0,0,0,0,0,4,5116.0,False,-,0,0
391,Easy,DECOMPOSE_CONDITIONAL,SUCCESS,PASS,True,ACCEPT,9,9,0,50.22,46.45,-3.77,95637,1,0,False,3336.0,0,0,0,0,0,4,8194.0,True,0.0,0,0
407,Medium,RENAME_SYMBOL,SUCCESS,PASS,True,ACCEPT,3,3,0,50.64,50.64,0.0,47977,1,0,False,3336.0,0,0,0,0,0,2,6055.0,True,0.0,0,0
424,Easy,RENAME_SYMBOL,SUCCESS,PASS,True,ACCEPT,2,2,0,83.96,83.96,0.0,38281,1,0,False,3336.0,0,0,0,0,0,2,2128.0,True,1.0,1,0
427,Medium,RENAME_SYMBOL,SUCCESS,PASS,True,ACCEPT,4,4,0,63.46,63.46,0.0,41957,1,0,False,3336.0,0,0,0,0,0,2,4288.0,False,-,0,0
429,Hard,DECOMPOSE_CONDITIONAL,SUCCESS,PASS,True,ACCEPT,6,6,0,42.53,39.79,-2.74,96358,1,0,False,3336.0,0,0,0,0,0,4,9178.0,False,-,0,0
431,Easy,EXTRACT_METHOD,SUCCESS,PASS,True,ACCEPT,4,4,0,56.75,52.41,-4.34,47238,1,0,False,3336.0,0,0,0,0,0,2,5834.0,True,0.0,0,0
441,Hard,EXTRACT_METHOD,SUCCESS,PASS,False,ACCEPT,2,1,-1,76.09,74.23,-1.86,101276,2,0,False,3336.0,0,0,0,2,0,4,5005.0,True,0.0,0,0
442,Easy,REMOVE_CONTROL_FLAG,SUCCESS,PASS,True,ACCEPT,6,5,-1,53.89,60.46,6.57,49978,1,0,False,3336.0,0,0,0,0,0,0,N/A,True,0.0,0,0
445,Medium,REPLACE_LOOP_WITH_PIPELINE,SUCCESS,PASS,True,ACCEPT,2,1,-1,72.56,84.34,11.78,42298,1,0,False,3336.0,0,0,0,0,0,0,N/A,False,-,0,0
449,Hard,EXTRACT_METHOD,SUCCESS,PASS,True,ACCEPT,5,5,0,56.03,51.29,-4.74,65752,1,0,False,3336.0,0,0,0,0,0,3,7013.0,True,0.0,0,0
451,Medium,FLATTEN_CONDITIONAL,ABORT_STRATEGY,FAIL,False,None,10,10,0,27.5,27.5,0.0,177964,4,0,True,2828.0,1,0,2,0,0,0,N/A,True,0.0,0,0
471,Hard,DECOMPOSE_CONDITIONAL,SUCCESS,PASS,True,ACCEPT,9,9,0,33.33,33.69,0.36,100396,1,0,False,3336.0,0,0,0,0,0,5,12468.0,False,-,0,0
474,Medium,INLINE_METHOD,SUCCESS,PASS,True,ACCEPT,5,5,0,43.91,35.34,-8.57,61916,1,0,False,3336.0,0,0,0,0,0,0,N/A,False,-,0,0
477,Medium,DECOMPOSE_CONDITIONAL,SUCCESS,PASS,True,ACCEPT,6,7,1,54.17,49.18,-4.99,92518,1,0,False,3336.0,0,0,0,0,0,4,5656.0,False,-,0,0
478,Easy,EXTRACT_METHOD,SUCCESS,PASS,True,ACCEPT,3,2,-1,68.77,47.53,-21.24,49384,1,0,False,3336.0,0,0,0,0,0,2,6734.0,False,-,0,0
484,Easy,DECOMPOSE_CONDITIONAL,SUCCESS,PASS,True,ACCEPT,7,8,1,44.83,43.58,-1.25,102112,1,0,False,3336.0,0,0,0,0,0,4,7932.0,False,-,0,0
487,Easy,EXTRACT_METHOD,SUCCESS,PASS,True,ACCEPT,5,4,-1,65.33,59.91,-5.42,68852,1,0,False,3336.0,0,0,0,0,0,4,4750.0,True,0.0,0,0
495,Hard,CONSOLIDATE_CONDITIONAL,ABORT_STRATEGY,FAIL,False,None,5,5,0,46.49,46.49,0.0,151441,4,0,True,2828.0,0,0,0,3,0,0,N/A,True,0.0,0,0
499,Medium,SPLIT_LOOP,ABORT_STRATEGY,FAIL,False,None,3,3,0,70.07,70.07,0.0,150951,4,0,True,2828.0,0,0,0,3,0,4,3908.0,True,0.0,0,0
502,Easy,RENAME_SYMBOL,SUCCESS,PASS,False,ACCEPT,2,2,0,89.17,89.17,0.0,69087,2,0,False,3336.0,0,0,0,0,1,3,2144.0,True,0.0,0,0
503,Medium,REMOVE_CONTROL_FLAG,SUCCESS,PASS,True,ACCEPT,6,6,0,53.07,56.79,3.72,56033,1,0,False,3336.0,0,0,0,0,0,0,N/A,True,0.0,0,0
505,Medium,DECOMPOSE_CONDITIONAL,SUCCESS,PASS,False,ACCEPT,4,4,0,48.01,46.6,-1.41,135788,2,0,False,3336.0,0,0,2,0,0,4,6449.0,True,0.0,0,0
511,Easy,INLINE_METHOD,ABORT_STRATEGY,FAIL,False,None,1,1,0,0.0,0.0,0.0,105828,4,0,True,2826.0,3,0,0,0,0,0,N/A,False,-,0,0
513,Medium,REPLACE_LOOP_WITH_PIPELINE,SUCCESS,PASS,True,ACCEPT,5,4,-1,60.48,54.18,-6.3,58538,1,0,False,3334.0,0,0,0,0,0,2,5784.0,False,-,0,0
521,Easy,INLINE_VARIABLE,ABORT_STRATEGY,FAIL,False,REVISE,3,3,0,57.5,57.5,0.0,80266,4,0,True,2826.0,0,0,0,0,3,0,N/A,True,0.0,0,0
523,Easy,INLINE_METHOD,SUCCESS,PASS,True,ACCEPT,2,2,0,41.7,43.95,2.25,70357,1,0,False,3336.0,0,0,0,0,0,0,N/A,True,0.0,0,0
527,Medium,EXTRACT_METHOD,SUCCESS,PASS,True,ACCEPT,4,4,0,52.71,49.0,-3.71,99457,1,0,False,3336.0,0,0,0,0,0,5,7714.0,True,0.0,0,0
534,Medium,SPLIT_LOOP,SUCCESS,PASS,True,ACCEPT,7,3,-4,37.86,45.16,7.3,58986,1,0,False,3336.0,0,0,0,0,0,2,8757.0,True,0.0,0,0
540,Easy,RENAME_SYMBOL,SUCCESS,PASS,True,ACCEPT,2,2,0,76.5,76.5,0.0,39344,1,0,False,3336.0,0,0,0,0,0,2,2899.0,True,0.0,0,0
542,Easy,INLINE_METHOD,ABORT_STRATEGY,FAIL,False,None,2,2,0,59.69,59.69,0.0,98784,4,0,True,2828.0,0,0,3,0,0,0,N/A,True,0.0,0,0
552,Medium,DECOMPOSE_CONDITIONAL,SUCCESS,PASS,True,ACCEPT,5,5,0,66.41,62.24,-4.17,79327,1,0,False,3336.0,0,0,0,0,0,4,4635.0,False,-,0,0
554,Medium,DECOMPOSE_CONDITIONAL,SUCCESS,PASS,True,ACCEPT,6,5,-1,47.55,50.1,2.55,94974,1,0,False,3336.0,0,0,0,0,0,4,7004.0,True,0.0,0,0
561,Medium,EXTRACT_METHOD,SUCCESS,PASS,True,ACCEPT,4,3,-1,50.29,37.91,-12.38,120463,1,0,False,3336.0,0,0,0,0,0,5,12344.0,False,-,0,0
562,Easy,EXTRACT_METHOD,SUCCESS,PASS,True,ACCEPT,4,3,-1,56.73,43.59,-13.14,51568,1,0,False,3336.0,0,0,0,0,0,2,6878.0,False,-,0,0
570,Medium,CONSOLIDATE_CONDITIONAL,ABORT_STRATEGY,FAIL,False,None,5,5,0,55.42,55.42,0.0,119366,4,0,True,2828.0,0,1,0,2,0,3,6246.0,False,-,0,0
575,Medium,INLINE_METHOD,ABORT_STRATEGY,FAIL,False,None,3,3,0,47.84,47.84,0.0,139911,4,0,True,2828.0,0,0,3,0,0,0,N/A,True,0.0,0,0
578,Easy,RENAME_SYMBOL,SUCCESS,PASS,True,ACCEPT,1,1,0,73.23,73.23,0.0,46067,1,0,False,3336.0,0,0,0,0,0,2,3010.0,False,-,0,0
583,Medium,EXTRACT_METHOD,SUCCESS,PASS,True,ACCEPT,3,3,0,66.48,60.34,-6.14,43888,1,0,False,3336.0,0,0,0,0,0,2,4160.0,True,1.0,1,0
584,Medium,EXTRACT_CONSTANT,SUCCESS,PASS,False,ACCEPT,2,2,0,59.48,59.55,0.07,102895,2,0,False,3336.0,0,1,2,0,0,5,4688.0,True,1.0,1,0
594,Hard,RENAME_SYMBOL,SUCCESS,PASS,True,ACCEPT,3,3,0,60.08,60.08,0.0,48029,1,0,False,3336.0,0,0,0,0,0,2,4888.0,True,0.0,0,0
602,Medium,INLINE_METHOD,ABORT_STRATEGY,FAIL,False,None,3,3,0,36.32,36.32,0.0,167524,4,0,True,2828.0,0,0,2,1,0,0,N/A,True,0.0,0,0
603,Easy,INLINE_METHOD,SUCCESS,PASS,True,ACCEPT,4,4,0,68.0,68.0,0.0,50261,1,0,False,3336.0,0,0,0,0,0,0,N/A,False,-,0,0
609,Medium,FLATTEN_CONDITIONAL,SUCCESS,PASS,False,ACCEPT,7,7,0,49.83,48.61,-1.22,115464,2,0,False,3336.0,1,0,0,0,0,0,N/A,True,0.0,0,0
610,Hard,EXTRACT_METHOD,SUCCESS,PASS,True,ACCEPT,2,2,0,73.32,66.56,-6.76,58673,1,0,False,3336.0,0,0,0,0,0,5,2742.0,True,1.0,1,0
613,Medium,INLINE_METHOD,ABORT_STRATEGY,FAIL,False,REVISE,2,2,0,44.98,44.98,0.0,136950,4,0,True,3336.0,0,0,0,2,1,0,N/A,True,0.0,0,0
618,Hard,SPLIT_LOOP,ABORT_STRATEGY,FAIL,False,None,4,4,0,52.74,52.74,0.0,147435,4,0,True,2828.0,0,0,0,3,0,2,6874.0,True,1.0,1,0
620,Medium,CONSOLIDATE_CONDITIONAL,ABORT_STRATEGY,FAIL,False,None,5,5,0,46.56,46.56,0.0,216601,4,0,True,2828.0,0,0,0,3,0,5,9425.0,True,1.0,1,0
638,Medium,DECOMPOSE_CONDITIONAL,SUCCESS,PASS,False,ACCEPT,8,8,0,39.4,31.43,-7.97,223489,2,0,False,3336.0,0,0,2,0,0,4,13632.0,False,-,0,0
650,Easy,DECOMPOSE_CONDITIONAL,SUCCESS,PASS,False,ACCEPT,4,8,4,70.01,51.21,-18.8,89852,1,0,False,3336.0,0,0,0,1,0,4,3642.0,False,-,0,0
654,Easy,INLINE_VARIABLE,SUCCESS,PASS,True,ACCEPT,4,2,-2,63.68,83.87,20.19,44298,1,0,False,3336.0,0,0,0,0,0,0,N/A,False,-,0,0
661,Hard,DECOMPOSE_CONDITIONAL,SUCCESS,PASS,True,ACCEPT,6,6,0,18.31,16.37,-1.94,81758,1,0,False,3336.0,0,0,0,0,0,2,18692.0,True,0.0,0,0
669,Medium,DECOMPOSE_CONDITIONAL,SUCCESS,PASS,False,ACCEPT,5,5,0,53.55,47.33,-6.22,112701,2,0,False,3336.0,0,2,0,0,0,2,5544.0,True,0.0,0,0
690,Hard,DECOMPOSE_CONDITIONAL,ABORT_STRATEGY,FAIL,False,None,11,11,0,23.5,23.5,0.0,334365,4,0,True,2828.0,0,0,3,0,0,4,16256.0,False,-,0,0
699,Medium,CONSOLIDATE_CONDITIONAL,ABORT_STRATEGY,FAIL,False,None,9,9,0,44.86,44.86,0.0,140923,4,0,True,2828.0,0,0,0,3,0,0,N/A,True,0.0,0,0
707,Medium,DECOMPOSE_CONDITIONAL,SUCCESS,PASS,True,ACCEPT,11,10,-1,41.18,34.85,-6.33,116725,1,0,False,3336.0,0,0,0,0,0,4,8070.0,False,-,0,0
776,Hard,RENAME_SYMBOL,SUCCESS,PASS,True,ACCEPT,6,6,0,34.98,34.98,0.0,73716,1,0,False,3336.0,0,0,0,0,0,3,9317.0,True,0.0,0,0
797,Medium,EXTRACT_METHOD,SUCCESS,PASS,True,ACCEPT,3,2,-1,53.28,49.31,-3.97,51830,1,0,False,3336.0,0,0,0,0,0,2,6456.0,True,0.0,0,0
798,Medium,FLATTEN_CONDITIONAL,ABORT_STRATEGY,FAIL,False,None,4,4,0,53.39,53.39,0.0,195482,4,0,True,2828.0,3,0,0,0,0,0,N/A,True,0.0,0,0
801,Medium,FLATTEN_CONDITIONAL,ABORT_STRATEGY,FAIL,False,REVISE,8,8,0,52.84,52.84,0.0,253650,4,0,True,3336.0,0,2,0,0,1,0,N/A,True,0.0,0,0
876,Hard,EXTRACT_CONSTANT,ABORT_STRATEGY,FAIL,False,None,1,1,0,0.0,0.0,0.0,101783,4,0,True,2828.0,2,1,0,0,0,2,5180.0,False,-,0,0
903,Medium,RENAME_SYMBOL,SUCCESS,PASS,True,ACCEPT,6,6,0,53.56,53.56,0.0,57818,1,0,False,3336.0,0,0,0,0,0,2,5889.0,False,-,0,0
927,Medium,DECOMPOSE_CONDITIONAL,SUCCESS,PASS,True,ACCEPT,7,10,3,69.29,61.27,-8.02,89636,1,0,False,3336.0,0,0,0,0,0,4,5128.0,True,0.0,0,0
945,Hard,RENAME_SYMBOL,SUCCESS,PASS,True,ACCEPT,6,6,0,34.58,34.58,0.0,54345,1,0,False,3336.0,0,0,0,0,0,2,9747.0,True,0.0,0,0
946,Easy,EXTRACT_METHOD,SUCCESS,PASS,True,ACCEPT,4,4,0,66.34,63.47,-2.87,102542,1,0,False,3336.0,0,0,0,0,0,7,5851.0,False,-,0,0
957,Medium,INLINE_METHOD,SUCCESS,PASS,False,ACCEPT,6,6,0,53.69,55.91,2.22,101976,2,0,False,3336.0,0,0,2,0,0,0,N/A,True,0.0,0,0
967,Easy,EXTRACT_VARIABLE,SUCCESS,PASS,True,ACCEPT,3,3,0,63.39,63.95,0.56,77777,1,0,False,3336.0,0,0,0,0,0,4,4542.0,True,0.0,0,0
975,Medium,INLINE_METHOD,SUCCESS,PASS,False,ACCEPT,2,2,0,45.1,45.95,0.85,149747,3,0,False,3336.0,0,0,3,0,0,0,N/A,True,0.0,0,0
1008,Medium,SPLIT_LOOP,SUCCESS,PASS,False,ACCEPT,8,4,-4,42.71,45.35,2.64,219648,2,0,False,3336.0,0,0,0,0,1,4,10354.0,True,0.0,0,0
1011,Easy,INLINE_VARIABLE,SUCCESS,PASS,True,ACCEPT,4,4,0,60.07,60.07,0.0,44720,1,0,False,3336.0,0,0,0,0,0,5,2553.0,True,0.0,0,0
1014,Hard,EXTRACT_METHOD,SUCCESS,PASS,True,ACCEPT,4,4,0,66.08,43.07,-23.01,48527,1,0,False,3336.0,0,0,0,0,0,2,6406.0,False,-,0,0
1027,Easy,RENAME_SYMBOL,SUCCESS,PASS,False,ACCEPT,4,4,0,64.95,64.95,0.0,91483,2,0,False,3336.0,0,0,0,0,1,2,4526.0,True,0.0,0,0
1035,Easy,DECOMPOSE_CONDITIONAL,SUCCESS,PASS,True,ACCEPT,5,5,0,62.68,57.34,-5.34,85398,1,0,False,3336.0,0,0,0,0,0,4,4864.0,False,-,0,0
1038,Medium,CONSOLIDATE_CONDITIONAL,ABORT_STRATEGY,FAIL,False,None,4,4,0,48.05,48.05,0.0,181535,4,0,True,2826.0,0,0,0,3,0,2,8666.0,True,0.0,0,0
1043,Easy,EXTRACT_METHOD,SUCCESS,PASS,True,ACCEPT,3,3,0,76.52,69.37,-7.15,63398,1,0,False,3334.0,0,0,0,0,0,4,4428.0,True,0.0,0,0
1047,Easy,FLATTEN_CONDITIONAL,SUCCESS,PASS,True,ACCEPT,9,9,0,57.33,61.3,3.97,64594,1,0,False,3334.0,0,0,0,0,0,0,N/A,True,0.0,0,0
1053,Medium,RENAME_SYMBOL,SUCCESS,PASS,False,ACCEPT,6,6,0,44.39,44.39,0.0,96170,2,0,False,3336.0,0,0,0,0,1,2,6914.0,True,0.0,0,0
1060,Easy,INLINE_VARIABLE,SUCCESS,PASS,True,ACCEPT,2,2,0,67.5,67.62,0.12,45636,1,0,False,3336.0,0,0,0,0,0,2,3598.0,True,0.0,0,0
1068,Medium,FLATTEN_CONDITIONAL,ABORT_STRATEGY,FAIL,False,None,6,6,0,47.18,47.18,0.0,295782,4,0,True,2828.0,1,1,0,1,0,0,N/A,True,0.0,0,0
1069,Medium,INLINE_METHOD,SUCCESS,PASS,True,ACCEPT,4,3,-1,40.64,53.69,13.05,70391,1,0,False,3336.0,0,0,0,0,0,0,N/A,True,0.0,0,0
1092,Easy,EXTRACT_CONSTANT,SUCCESS,PASS,True,ACCEPT,8,8,0,37.86,37.97,0.11,122596,1,0,False,3336.0,0,0,0,0,0,5,10094.0,False,-,0,0
1096,Easy,EXTRACT_VARIABLE,SUCCESS,PASS,True,ACCEPT,3,3,0,56.31,57.14,0.83,52223,1,0,False,3336.0,0,0,0,0,0,2,5126.0,False,-,0,0
1098,Medium,CONSOLIDATE_CONDITIONAL,ABORT_STRATEGY,FAIL,False,None,6,6,0,40.13,40.13,0.0,201522,4,0,True,2828.0,0,0,0,3,0,4,9713.0,True,0.0,0,0
1111,Hard,EXTRACT_VARIABLE,SUCCESS,PASS,True,ACCEPT,3,3,0,66.61,62.88,-3.73,75321,1,0,False,3336.0,0,0,0,0,0,4,4337.0,True,0.0,0,0
1112,Easy,RENAME_SYMBOL,SUCCESS,PASS,True,ACCEPT,4,4,0,49.02,49.02,0.0,50894,1,0,False,3336.0,0,0,0,0,0,2,6529.0,True,0.0,0,0
1113,Medium,INLINE_METHOD,ABORT_STRATEGY,FAIL,False,None,3,3,0,30.85,30.85,0.0,168966,4,0,True,2828.0,0,0,2,1,0,0,N/A,True,1.0,1,0
1114,Medium,CONSOLIDATE_CONDITIONAL,ABORT_STRATEGY,FAIL,False,None,6,6,0,34.07,34.07,0.0,245694,4,0,True,2828.0,0,0,0,3,0,4,11026.0,True,0.0,0,0
1122,Medium,INLINE_METHOD,SUCCESS,PASS,True,ACCEPT,4,5,1,41.7,38.19,-3.51,81079,1,0,False,3336.0,0,0,0,0,0,0,N/A,False,-,0,0
1139,Medium,REPLACE_LOOP_WITH_PIPELINE,SUCCESS,PASS,True,ACCEPT,3,1,-2,65.07,79.24,14.17,49901,1,0,False,3336.0,0,0,0,0,0,2,3387.0,False,-,0,0
1144,Medium,SPLIT_LOOP,SUCCESS,PASS,False,ACCEPT,6,6,0,43.38,34.05,-9.33,153784,2,0,False,3336.0,0,0,0,3,0,4,8412.0,False,-,0,0
1150,Hard,RENAME_SYMBOL,SUCCESS,PASS,True,ACCEPT,6,6,0,41.25,41.25,0.0,63495,1,0,False,3336.0,0,0,0,0,0,2,9254.0,False,-,0,0
1153,Hard,INLINE_METHOD,SUCCESS,PASS,True,ACCEPT,2,2,0,68.39,61.24,-7.15,49984,1,0,False,3336.0,0,0,0,0,0,0,N/A,True,0.0,0,0
1156,Medium,DECOMPOSE_CONDITIONAL,SUCCESS,PASS,True,ACCEPT,9,9,0,34.59,32.88,-1.71,121679,1,0,False,3336.0,0,0,0,0,0,4,10127.0,True,0.0,0,0
1161,Hard,EXTRACT_CONSTANT,SUCCESS,PASS,True,ACCEPT,3,3,0,50.23,50.26,0.03,57535,1,0,False,3336.0,0,0,0,0,0,2,6118.0,True,1.0,1,0
1180,Medium,EXTRACT_METHOD,SUCCESS,PASS,False,ACCEPT,3,3,0,57.47,45.7,-11.77,121037,2,0,False,3336.0,0,0,0,0,1,3,7341.0,False,-,0,0
1197,Hard,EXTRACT_CONSTANT,ABORT_STRATEGY,FAIL,False,None,9,9,0,24.45,24.45,0.0,257281,4,0,True,2828.0,0,0,0,3,0,2,15874.0,True,0.0,0,0
1227,Medium,CONSOLIDATE_CONDITIONAL,ABORT_STRATEGY,FAIL,False,None,4,4,0,52.1,52.1,0.0,141888,4,0,True,2828.0,0,0,0,3,0,4,6860.0,True,0.0,0,0
1263,Easy,FLATTEN_CONDITIONAL,SUCCESS,PASS,True,ACCEPT,11,8,-3,23.5,39.93,16.43,152499,1,0,False,3336.0,0,0,0,0,0,4,13578.0,False,-,0,0
1265,Medium,INLINE_METHOD,ABORT_STRATEGY,FAIL,False,None,1,1,0,0.0,0.0,0.0,179944,4,0,True,2828.0,3,0,0,0,0,0,N/A,False,-,0,0
1267,Easy,REMOVE_CONTROL_FLAG,ABORT_STRATEGY,FAIL,False,None,5,5,0,63.16,63.16,0.0,91761,4,0,True,2828.0,0,0,0,3,0,0,N/A,True,0.0,0,0
1269,Hard,SPLIT_LOOP,ABORT_STRATEGY,FAIL,False,None,3,3,0,63.59,63.59,0.0,154928,4,0,True,2828.0,0,0,0,3,0,4,5624.0,False,-,0,0
1283,Hard,INLINE_VARIABLE,SUCCESS,PASS,False,ACCEPT,6,4,-2,48.86,55.69,6.83,135030,3,0,False,3336.0,0,0,0,3,0,0,N/A,False,-,0,0
1290,Medium,INLINE_METHOD,ABORT_STRATEGY,FAIL,False,None,5,5,0,44.27,44.27,0.0,420526,4,0,True,2828.0,0,0,2,1,0,0,N/A,True,0.0,0,0
1292,Easy,DECOMPOSE_CONDITIONAL,SUCCESS,PASS,True,ACCEPT,7,7,0,46.69,48.63,1.94,130854,1,0,False,3336.0,0,0,0,0,0,4,7490.0,True,0.0,0,0
1311,Medium,SPLIT_LOOP,ABORT_STRATEGY,FAIL,False,None,9,9,0,43.02,43.02,0.0,204583,4,0,True,2828.0,0,0,0,3,0,2,14282.0,True,0.0,0,0
1331,Medium,CONSOLIDATE_CONDITIONAL,ABORT_STRATEGY,FAIL,False,None,8,8,0,44.84,44.84,0.0,222041,4,0,True,2828.0,0,0,0,3,0,5,11427.0,True,0.0,0,0
1343,Easy,INLINE_METHOD,SUCCESS,PASS,True,ACCEPT,6,10,4,35.78,22.46,-13.32,96655,1,0,False,3336.0,0,0,0,0,0,0,N/A,True,0.0,0,0
1348,Medium,CONSOLIDATE_CONDITIONAL,ABORT_STRATEGY,FAIL,False,None,5,5,0,57.3,57.3,0.0,202003,4,0,True,2828.0,0,1,0,2,0,8,6050.0,True,0.0,0,0
1357,Easy,EXTRACT_METHOD,SUCCESS,PASS,True,ACCEPT,3,3,0,75.88,68.77,-7.11,58254,1,0,False,3336.0,0,0,0,0,0,4,3512.0,True,0.0,0,0
1367,Medium,CONSOLIDATE_CONDITIONAL,ABORT_STRATEGY,FAIL,False,None,6,6,0,46.4,46.4,0.0,126905,4,0,True,2828.0,0,1,0,2,0,0,N/A,True,0.0,0,0
1382,Hard,SPLIT_LOOP,ABORT_STRATEGY,FAIL,False,None,4,4,0,56.22,56.22,0.0,202993,4,0,True,2828.0,0,0,0,3,0,5,7562.0,False,-,0,0
1404,Medium,REPLACE_LOOP_WITH_PIPELINE,SUCCESS,PASS,True,ACCEPT,3,1,-2,57.06,47.78,-9.28,51159,1,0,False,3336.0,0,0,0,0,0,0,N/A,False,-,0,0
1420,Medium,RENAME_SYMBOL,SUCCESS,PASS,True,ACCEPT,5,5,0,55.14,55.14,0.0,41036,1,0,False,3336.0,0,0,0,0,0,2,5518.0,False,-,0,0
1440,Easy,INLINE_VARIABLE,SUCCESS,PASS,True,ACCEPT,2,1,-1,64.51,49.08,-15.43,50297,1,0,False,3336.0,0,0,0,0,0,2,5086.0,True,0.0,0,0
1443,Hard,REMOVE_CONTROL_FLAG,SUCCESS,PASS,True,ACCEPT,14,10,-4,20.36,20.6,0.24,82994,1,0,False,3336.0,0,0,0,0,0,0,N/A,False,-,0,0
1449,Easy,REPLACE_LOOP_WITH_PIPELINE,SUCCESS,PASS,True,ACCEPT,4,2,-2,68.32,81.16,12.84,39270,1,0,False,3336.0,0,0,0,0,0,0,N/A,False,-,0,0
1450,Medium,EXTRACT_METHOD,SUCCESS,PASS,True,ACCEPT,5,5,0,47.37,47.53,0.16,94081,1,0,False,3336.0,0,0,0,0,0,5,7753.0,True,0.0,0,0
1459,Medium,SPLIT_LOOP,SUCCESS,PASS,True,ACCEPT,13,12,-1,27.08,9.22,-17.86,101761,1,0,False,3336.0,0,0,0,0,0,4,12923.0,False,-,0,0
1474,Medium,INLINE_VARIABLE,SUCCESS,PASS,True,ACCEPT,3,3,0,64.72,68.52,3.8,44404,1,0,False,3336.0,0,0,0,0,0,0,N/A,True,0.0,0,0
1487,Medium,RENAME_SYMBOL,ABORT_STRATEGY,FAIL,False,REVISE,3,3,0,68.86,68.86,0.0,91851,4,0,True,3336.0,0,0,0,0,3,2,4006.0,False,-,0,0
1499,Hard,CONSOLIDATE_CONDITIONAL,ABORT_STRATEGY,FAIL,False,None,5,5,0,35.02,35.02,0.0,255166,4,0,True,2828.0,0,0,0,3,0,4,14278.0,False,-,0,0
1510,Easy,CONSOLIDATE_CONDITIONAL,ABORT_STRATEGY,FAIL,False,None,4,4,0,41.84,41.84,0.0,151423,4,0,True,2828.0,0,1,1,1,0,0,N/A,True,0.0,0,0
1524,Medium,RENAME_SYMBOL,SUCCESS,PASS,True,ACCEPT,7,7,0,30.49,29.5,-0.99,67521,1,0,False,3336.0,0,0,0,0,0,2,12760.0,False,-,0,0
1529,Medium,FLATTEN_CONDITIONAL,ABORT_STRATEGY,FAIL,False,None,5,5,0,55.12,55.12,0.0,164914,4,0,True,2826.0,1,1,0,1,0,0,N/A,True,0.0,0,0
1535,Medium,EXTRACT_METHOD,SUCCESS,PASS,True,ACCEPT,8,8,0,49.59,45.36,-4.23,51313,1,0,False,3334.0,0,0,0,0,0,2,6342.0,True,0.0,0,0
1539,Hard,CONSOLIDATE_CONDITIONAL,ABORT_STRATEGY,FAIL,False,None,5,5,0,46.97,46.97,0.0,137878,4,0,True,2826.0,0,1,0,2,0,0,N/A,False,-,0,0
1569,Medium,RENAME_SYMBOL,SUCCESS,PASS,True,ACCEPT,4,4,0,74.3,52.42,-21.88,44848,1,0,False,3334.0,0,0,0,0,0,2,4610.0,False,-,0,0
1576,Hard,CONSOLIDATE_CONDITIONAL,ABORT_STRATEGY,FAIL,False,None,1,1,0,0.0,0.0,0.0,119803,4,0,True,2826.0,2,1,0,0,0,3,7809.0,False,-,0,0
1580,Medium,SPLIT_LOOP,ABORT_STRATEGY,FAIL,False,None,8,8,0,59.21,59.21,0.0,129828,4,0,True,2826.0,0,0,0,3,0,2,5843.0,True,0.0,0,0
1611,Medium,REPLACE_LOOP_WITH_PIPELINE,SUCCESS,PASS,True,ACCEPT,2,1,-1,78.33,82.05,3.72,36067,1,0,False,3334.0,0,0,0,0,0,0,N/A,False,-,0,0
1647,Easy,EXTRACT_METHOD,SUCCESS,PASS,True,ACCEPT,3,3,0,62.42,39.73,-22.69,44886,1,0,False,3334.0,0,0,0,0,0,2,6038.0,False,-,0,0
1657,Medium,RENAME_SYMBOL,ABORT_STRATEGY,FAIL,False,None,3,3,0,53.94,53.94,0.0,139855,4,0,True,2828.0,0,0,0,3,0,5,4767.0,False,-,0,0
1663,Medium,RENAME_SYMBOL,SUCCESS,PASS,True,ACCEPT,2,2,0,69.4,69.4,0.0,39908,1,0,False,3336.0,0,0,0,0,0,2,3502.0,False,-,0,0
1679,Easy,RENAME_SYMBOL,SUCCESS,PASS,True,ACCEPT,4,4,0,61.28,61.28,0.0,44321,1,0,False,3336.0,0,0,0,0,0,2,4602.0,True,0.0,0,0
1708,Medium,SPLIT_LOOP,ABORT_STRATEGY,FAIL,False,None,7,7,0,42.71,42.71,0.0,170934,4,0,True,2828.0,0,0,0,3,0,4,7203.0,True,0.0,0,0
1718,Medium,EXTRACT_METHOD,SUCCESS,PASS,True,ACCEPT,5,4,-1,63.59,61.51,-2.08,67219,1,0,False,3336.0,0,0,0,0,0,4,4133.0,True,0.0,0,0
1727,Medium,CONSOLIDATE_CONDITIONAL,ABORT_STRATEGY,FAIL,False,None,4,4,0,55.21,55.21,0.0,119804,4,0,True,2828.0,0,0,0,3,0,4,5572.0,False,-,0,0
1737,Hard,EXTRACT_CONSTANT,SUCCESS,PASS,True,ACCEPT,3,3,0,50.92,51.06,0.14,81511,1,0,False,3336.0,0,0,0,0,0,5,6528.0,False,-,0,0
1745,Medium,FLATTEN_CONDITIONAL,ABORT_STRATEGY,FAIL,False,REVISE,6,6,0,44.41,44.41,0.0,190982,4,0,True,3336.0,0,0,0,1,2,0,N/A,True,0.0,0,0
1746,Medium,FLATTEN_CONDITIONAL,SUCCESS,PASS,False,ACCEPT,5,6,1,37.49,36.97,-0.52,82757,1,0,False,3336.0,0,0,0,1,0,0,N/A,False,-,0,0
1755,Medium,RENAME_SYMBOL,SUCCESS,PASS,True,ACCEPT,2,2,0,73.27,73.27,0.0,38082,1,0,False,3336.0,0,0,0,0,0,2,3160.0,True,0.0,0,0
1785,Hard,DECOMPOSE_CONDITIONAL,SUCCESS,PASS,False,ACCEPT,5,4,-1,59.98,59.67,-0.31,105944,2,0,False,3336.0,0,0,0,0,1,4,3994.0,True,0.0,0,0
1792,Medium,EXTRACT_CONSTANT,SUCCESS,PASS,True,ACCEPT,2,2,0,54.31,52.34,-1.97,64290,1,0,False,3336.0,0,0,0,0,0,4,5134.0,True,0.0,0,0
1793,Hard,DECOMPOSE_CONDITIONAL,SUCCESS,PASS,True,ACCEPT,4,4,0,48.89,43.12,-5.77,89186,1,0,False,3336.0,0,0,0,0,0,4,7107.0,True,0.0,0,0
1820,Medium,REPLACE_LOOP_WITH_PIPELINE,SUCCESS,PASS,False,ACCEPT,5,1,-4,63.36,67.59,4.23,89788,2,0,False,3336.0,0,0,0,2,0,3,4842.0,False,-,0,0
1854,Hard,DECOMPOSE_CONDITIONAL,SUCCESS,PASS,True,ACCEPT,4,4,0,35.59,33.58,-2.01,122583,1,0,False,3336.0,0,0,0,0,0,4,10940.0,True,0.0,0,0
1860,Easy,FLATTEN_CONDITIONAL,ABORT_STRATEGY,FAIL,False,None,6,6,0,60.03,60.03,0.0,254719,4,0,True,3336.0,0,2,0,1,0,0,N/A,True,0.0,0,0
1861,Medium,DECOMPOSE_CONDITIONAL,ABORT_STRATEGY,FAIL,False,None,1,1,0,0.0,0.0,0.0,193949,4,0,True,2828.0,3,0,0,0,0,3,13777.0,False,-,0,0
1895,Medium,EXTRACT_METHOD,SUCCESS,PASS,True,ACCEPT,3,3,0,62.16,57.11,-5.05,81046,1,0,False,3336.0,0,0,0,0,0,5,6717.0,True,0.0,0,0
1896,Hard,RENAME_SYMBOL,SUCCESS,PASS,True,ACCEPT,2,2,0,63.94,44.94,-19.0,52612,1,0,False,3336.0,0,0,0,0,0,3,4450.0,False,-,0,0
1905,Hard,EXTRACT_METHOD,SUCCESS,PASS,True,ACCEPT,4,3,-1,54.65,50.3,-4.35,83130,1,0,False,3336.0,0,0,0,0,0,5,5961.0,True,0.0,0,0
1908,Medium,REPLACE_LOOP_WITH_PIPELINE,SUCCESS,PASS,True,ACCEPT,3,1,-2,75.08,83.39,8.31,55363,1,0,False,3336.0,0,0,0,0,0,4,2822.0,False,-,0,0
1956,Medium,EXTRACT_METHOD,SUCCESS,PASS,True,ACCEPT,3,3,0,78.69,70.99,-7.7,35724,1,0,False,3336.0,0,0,0,0,0,2,3294.0,True,0.0,0,0
2005,Easy,REMOVE_CONTROL_FLAG,SUCCESS,PASS,True,ACCEPT,5,5,0,55.44,50.36,-5.08,46042,1,0,False,3336.0,0,0,0,0,0,0,N/A,True,0.0,0,0
2012,Easy,RENAME_SYMBOL,SUCCESS,PASS,True,ACCEPT,5,5,0,65.99,65.99,0.0,38025,1,0,False,3336.0,0,0,0,0,0,2,3656.0,True,0.0,0,0
2013,Medium,CONSOLIDATE_CONDITIONAL,ABORT_STRATEGY,FAIL,False,None,10,10,0,42.89,42.89,0.0,118325,4,0,True,2828.0,0,0,0,3,0,0,N/A,True,0.0,0,0
2092,Medium,DECOMPOSE_CONDITIONAL,SUCCESS,PASS,True,ACCEPT,6,8,2,55.14,46.88,-8.26,84703,1,0,False,3336.0,0,0,0,0,0,4,5509.0,True,0.0,0,0
2093,Medium,RENAME_SYMBOL,SUCCESS,PASS,True,ACCEPT,2,2,0,61.38,61.38,0.0,48639,1,0,False,3336.0,0,0,0,0,0,2,4850.0,True,0.0,0,0
2095,Easy,INLINE_VARIABLE,SUCCESS,PASS,True,ACCEPT,1,1,0,68.65,83.3,14.65,39545,1,0,False,3336.0,0,0,0,0,0,0,N/A,True,0.0,0,0
2101,Medium,SPLIT_LOOP,ABORT_STRATEGY,FAIL,False,None,4,4,0,55.23,55.23,0.0,145337,4,0,True,2828.0,0,0,0,3,0,2,7507.0,False,-,0,0
2103,Hard,REMOVE_CONTROL_FLAG,SUCCESS,PASS,False,ACCEPT,8,7,-1,48.11,53.44,5.33,93467,2,0,False,3336.0,0,0,0,0,1,0,N/A,False,-,0,0
2106,Medium,REPLACE_LOOP_WITH_PIPELINE,SUCCESS,PASS,True,ACCEPT,3,2,-1,70.12,67.53,-2.59,57412,1,0,False,3336.0,0,0,0,0,0,3,3720.0,False,-,0,0
2121,Medium,REPLACE_LOOP_WITH_PIPELINE,SUCCESS,PASS,False,ACCEPT,4,1,-3,60.56,55.41,-5.15,71600,2,0,False,3336.0,0,0,0,2,0,2,5132.0,False,-,0,0
2126,Medium,SPLIT_LOOP,ABORT_STRATEGY,FAIL,False,None,5,5,0,50.29,50.29,0.0,176924,4,0,True,2828.0,0,0,0,3,0,4,7134.0,True,0.0,0,0
2147,Easy,RENAME_SYMBOL,SUCCESS,PASS,True,ACCEPT,3,3,0,70.55,70.55,0.0,39613,1,0,False,3336.0,0,0,0,0,0,2,3417.0,False,-,0,0
2152,Medium,EXTRACT_CONSTANT,ABORT_STRATEGY,FAIL,False,None,8,8,0,46.71,46.71,0.0,156874,4,0,True,2828.0,0,0,0,3,0,3,8900.0,False,-,0,0
2155,Hard,CONSOLIDATE_CONDITIONAL,SUCCESS,PASS,True,ACCEPT,7,4,-3,35.87,42.89,7.02,65448,1,0,False,3336.0,0,0,0,0,0,0,N/A,False,-,0,0
2156,Easy,CONSOLIDATE_CONDITIONAL,SUCCESS,PASS,False,ACCEPT,7,6,-1,48.49,49.71,1.22,143585,2,0,False,3336.0,0,1,0,2,0,6,6405.0,False,-,0,0
2157,Medium,EXTRACT_METHOD,SUCCESS,PASS,True,ACCEPT,4,4,0,66.27,58.42,-7.85,83467,1,0,False,3336.0,0,0,0,0,0,4,4288.0,False,-,0,0
2162,Medium,DECOMPOSE_CONDITIONAL,SUCCESS,PASS,True,ACCEPT,4,4,0,60.23,56.78,-3.45,69463,1,0,False,3336.0,0,0,0,0,0,4,4977.0,True,0.0,0,0
2164,Hard,EXTRACT_METHOD,SUCCESS,PASS,True,ACCEPT,2,2,0,76.04,68.51,-7.53,65613,1,0,False,3336.0,0,0,0,0,0,5,4428.0,True,0.0,0,0
2174,Medium,RENAME_SYMBOL,SUCCESS,PASS,True,ACCEPT,4,4,0,51.29,42.2,-9.09,56674,1,0,False,3336.0,0,0,0,0,0,2,7084.0,True,0.0,0,0
2175,Easy,CONSOLIDATE_CONDITIONAL,ABORT_STRATEGY,FAIL,False,None,9,9,0,38.81,38.81,0.0,185938,4,0,True,2828.0,0,0,0,3,0,4,9442.0,True,0.0,0,0
2193,Easy,CONSOLIDATE_CONDITIONAL,ABORT_STRATEGY,FAIL,False,None,4,4,0,65.61,65.61,0.0,84751,4,0,True,2826.0,0,0,0,3,0,0,N/A,False,-,0,0
2194,Medium,SPLIT_LOOP,ABORT_STRATEGY,FAIL,False,None,3,3,0,59.8,59.8,0.0,139340,4,0,True,2826.0,0,0,0,3,0,2,6341.0,True,0.0,0,0
2202,Medium,EXTRACT_CONSTANT,SUCCESS,PASS,True,ACCEPT,3,3,0,55.86,54.32,-1.54,75100,1,0,False,3334.0,0,0,0,0,0,4,5975.0,True,0.0,0,0
2207,Easy,DECOMPOSE_CONDITIONAL,SUCCESS,PASS,True,ACCEPT,5,5,0,64.25,61.9,-2.35,61185,1,0,False,3334.0,0,0,0,0,0,4,4046.0,True,0.0,0,0
2213,Medium,REMOVE_CONTROL_FLAG,SUCCESS,PASS,False,ACCEPT,7,5,-2,38.59,47.54,8.95,114687,2,0,False,3334.0,0,0,0,2,0,0,N/A,False,-,0,0
2216,Medium,SPLIT_LOOP,SUCCESS,PASS,False,ACCEPT,6,4,-2,41.64,31.11,-10.53,181295,3,0,False,3334.0,0,1,0,2,0,2,9924.0,False,-,0,0
2227,Medium,SPLIT_LOOP,ABORT_STRATEGY,FAIL,False,REVISE,6,6,0,34.51,34.51,0.0,225586,4,0,True,3336.0,0,0,0,2,1,4,13157.0,True,0.0,0,0
2231,Easy,RENAME_SYMBOL,SUCCESS,PASS,False,ACCEPT,2,2,0,87.92,87.92,0.0,44948,2,0,False,3336.0,0,0,0,0,1,2,1791.0,True,1.0,1,0
2238,Hard,DECOMPOSE_CONDITIONAL,SUCCESS,PASS,True,ACCEPT,7,7,0,46.51,44.2,-2.31,82344,1,0,False,3336.0,0,0,0,0,0,4,6918.0,False,-,0,0
2253,Medium,REPLACE_LOOP_WITH_PIPELINE,SUCCESS,PASS,True,ACCEPT,2,1,-1,87.52,87.64,0.12,49715,1,0,False,3336.0,0,0,0,0,0,4,2134.0,False,-,0,0
2259,Easy,CONSOLIDATE_CONDITIONAL,SUCCESS,PASS,True,ACCEPT,8,8,0,51.43,47.06,-4.37,63111,1,0,False,3336.0,0,0,0,0,0,0,N/A,True,0.0,0,0
2272,Easy,EXTRACT_CONSTANT,SUCCESS,PASS,True,ACCEPT,8,8,0,58.91,56.58,-2.33,71472,1,0,False,3336.0,0,0,0,0,0,4,5449.0,True,0.0,0,0
2279,Hard,SPLIT_LOOP,ABORT_STRATEGY,FAIL,False,None,6,6,0,34.68,34.68,0.0,201983,4,0,True,2828.0,0,1,0,2,0,2,9714.0,True,0.0,0,0
2284,Medium,REPLACE_LOOP_WITH_PIPELINE,SUCCESS,PASS,True,ACCEPT,2,1,-1,64.61,60.62,-3.99,46704,1,0,False,3336.0,0,0,0,0,0,0,N/A,False,-,0,0
2288,Medium,RENAME_SYMBOL,SUCCESS,PASS,True,ACCEPT,3,3,0,65.14,65.14,0.0,41713,1,0,False,3336.0,0,0,0,0,0,2,3848.0,True,0.0,0,0
2293,Medium,CONSOLIDATE_CONDITIONAL,ABORT_STRATEGY,FAIL,False,REVISE,5,5,0,71.15,71.15,0.0,93308,4,0,True,3336.0,0,0,0,0,3,0,N/A,True,0.0,0,0
2299,Hard,DECOMPOSE_CONDITIONAL,SUCCESS,PASS,False,ACCEPT,8,4,-4,50.12,64.45,14.33,139082,2,0,False,3336.0,0,0,0,0,1,4,7491.0,False,-,0,0
2305,Easy,CONSOLIDATE_CONDITIONAL,ABORT_STRATEGY,FAIL,False,None,3,3,0,66.96,66.96,0.0,96780,4,0,True,2828.0,0,1,0,2,0,0,N/A,True,0.0,0,0
2308,Hard,SPLIT_LOOP,ABORT_STRATEGY,FAIL,False,REVISE,7,7,0,42.57,42.57,0.0,304743,4,0,True,3336.0,0,0,0,2,1,8,13787.0,False,-,0,0
2309,Easy,INLINE_VARIABLE,SUCCESS,PASS,True,ACCEPT,3,2,-1,52.18,71.1,18.92,49799,1,0,False,3336.0,0,0,0,0,0,0,N/A,True,0.0,0,0
2310,Medium,DECOMPOSE_CONDITIONAL,SUCCESS,PASS,True,ACCEPT,5,5,0,58.63,54.43,-4.2,67362,1,0,False,3336.0,0,0,0,0,0,2,4616.0,False,-,0,0
2314,Medium,INLINE_VARIABLE,SUCCESS,PASS,True,ACCEPT,2,1,-1,52.43,84.7,32.27,49907,1,0,False,3336.0,0,0,0,0,0,0,N/A,True,0.0,0,0
2315,Medium,REPLACE_LOOP_WITH_PIPELINE,SUCCESS,PASS,True,ACCEPT,3,1,-2,78.61,76.67,-1.94,39513,1,0,False,3336.0,0,0,0,0,0,0,N/A,False,-,0,0
2318,Medium,EXTRACT_METHOD,SUCCESS,PASS,True,ACCEPT,2,2,0,80.24,72.33,-7.91,35752,1,0,False,3336.0,0,0,0,0,0,2,3010.0,True,0.0,0,0
2337,Easy,DECOMPOSE_CONDITIONAL,SUCCESS,PASS,True,ACCEPT,4,4,0,78.66,74.93,-3.73,73399,1,0,False,3336.0,0,0,0,0,0,4,3341.0,True,0.0,0,0
2342,Medium,DECOMPOSE_CONDITIONAL,SUCCESS,PASS,True,ACCEPT,12,12,0,21.09,19.73,-1.36,77305,1,0,False,3336.0,0,0,0,0,0,3,10006.0,True,0.0,0,0
2349,Hard,CONSOLIDATE_CONDITIONAL,ABORT_STRATEGY,FAIL,False,None,3,3,0,42.09,42.09,0.0,280148,4,0,True,2828.0,0,1,0,2,0,0,N/A,True,0.0,0,0
2350,Hard,REMOVE_CONTROL_FLAG,SUCCESS,PASS,True,ACCEPT,9,5,-4,34.07,35.87,1.8,61487,1,0,False,3336.0,0,0,0,0,0,0,N/A,False,-,0,0
2354,Hard,SPLIT_LOOP,SUCCESS,PASS,True,ACCEPT,10,11,1,27.39,24.8,-2.59,125952,1,0,False,3336.0,0,0,0,0,0,4,13774.0,True,0.0,0,0
